join_id,tipo,area,no2_media,pred_fondo,recargo
SP_01022001_8_8,traffic,suburban,3.781306206197036,5.276638711327679,-1.4953325051306425
SP_01036004_8_8,traffic,suburban,15.72781632663947,10.56152045075655,5.16629587588292
SP_01059008_8_8,traffic,urban,17.16545873741417,19.588801789517433,-2.423343052103263
SP_01059009_8_8,traffic,urban,15.688161747672616,18.631164215331783,-2.9430024676591664
SP_01059012_8_8,traffic,urban,11.107758080263157,17.761126620761416,-6.65336854049826
SP_03014006_8_8,traffic,urban,17.74215885949492,11.427219856035997,6.314939003458925
SP_03014009_8_8,industrial,suburban,7.075578828664468,9.499463239683276,-2.4238844110188085
SP_03065007_8_8,traffic,urban,10.809040582611075,15.530225344991475,-4.7211847623804
SP_03133002_8_8,traffic,urban,11.655977058933114,11.536421809533653,0.11955524939946116
SP_04013004_8_8,traffic,urban,20.24314411953711,18.30916005041427,1.9339840691228396
SP_04024001_8_8,industrial,urban,11.166976589701626,7.080084248628589,4.086892341073037
SP_04032005_8_8,industrial,urban,6.426500557873363,6.792148672762141,-0.3656481148887778
SP_04035002_8_8,industrial,rural,5.85054780822084,3.4428419230006426,2.4077058852201976
SP_04066003_8_8,industrial,suburban,5.139909412188432,4.346685713587051,0.7932236986013814
SP_04066009_8_8,industrial,suburban,5.801868033622692,4.656978693034654,1.1448893405880378
SP_07026001_8_8,industrial,urban,13.22779103769823,7.4341654436532965,5.793625594044934
SP_07026002_8_8,industrial,urban,9.685149514185934,17.955144790980206,-8.269995276794273
SP_07032002_8_8,industrial,urban,9.090402497849498,8.07615461345117,1.014247884398328
SP_07032003_8_8,industrial,suburban,6.877598770156262,7.870648226649047,-0.993049456492785
SP_07040002_8_8,traffic,urban,23.55027381536227,17.322001504887925,6.228272310474345
SP_07040006_8_8,industrial,urban,19.32819933457076,10.478333981744651,8.849865352826107
SP_08019043_8_8,traffic,urban,34.56374616331496,24.069556703324032,10.494189459990928
SP_08019044_8_8,traffic,urban,29.133844068984725,23.236191064421902,5.897653004562823
SP_08074005_8_8,industrial,suburban,8.925900564121438,9.53300788895667,-0.6071073248352317
SP_08096014_8_8,traffic,urban,25.479463984990712,21.397241949421982,4.08222203556873
SP_08102005_8_8,industrial,suburban,13.920823014205522,11.706867763019517,2.2139552511860057
SP_08113007_8_8,traffic,urban,17.408494596611266,14.716793749811837,2.6917008467994297
SP_08124009_8_8,traffic,suburban,30.425489649887783,18.83123869580969,11.594250954078092
SP_08125002_8_8,traffic,suburban,31.53952158044999,16.27917242129812,15.260349159151868
SP_08157003_8_8,industrial,suburban,15.994850556253947,12.136047830404925,3.8588027258490225
SP_08187012_8_8,traffic,urban,26.79299467082443,18.274033798510484,8.518960872313947
SP_08194008_8_8,traffic,urban,27.296581207353725,25.044926475156554,2.2516547321971707
SP_08196001_8_8,traffic,urban,28.06032692882067,26.245949883742938,1.8143770450777303
SP_08251003_8_8,industrial,rural,10.049492174492174,7.118329340730172,2.931162833762002
SP_08260010_8_8,traffic,suburban,26.088133475640163,19.107333335235985,6.9808001404041775
SP_08263007_8_8,industrial,suburban,20.570908232089497,22.72980079940926,-2.1588925673197643
SP_08279011_8_8,traffic,urban,29.62282755742057,18.958569683236576,10.664257874183996
SP_08307012_8_8,traffic,suburban,13.725674607065786,14.330316372840743,-0.6046417657749572
SP_09018002_8_8,traffic,urban,10.417906502650643,10.080568377400162,0.337338125250481
SP_09059003_8_8,traffic,urban,8.1204973883511,21.39185855609082,-13.271361167739721
SP_09219002_8_8,industrial,urban,12.115774327938428,12.29422899669095,-0.17845466875252214
SP_11004007_8_8,industrial,urban,26.29697047157036,21.01616648688803,5.280803984682333
SP_11006001_8_8,industrial,suburban,3.532575378543244,3.974733997104255,-0.4421586185610109
SP_11008001_8_8,industrial,suburban,12.08354268257875,8.636044567735865,3.447498114842885
SP_11008003_8_8,industrial,urban,13.658007715015724,12.88985777468999,0.7681499403257348
SP_11008006_8_8,industrial,urban,18.96967796882333,16.986408170201873,1.983269798621457
SP_11008008_8_8,industrial,suburban,7.109934825913187,16.298634819466685,-9.188699993553499
SP_11012002_8_8,traffic,urban,11.628706984725357,21.334582879738647,-9.70587589501329
SP_11020003_8_8,industrial,suburban,7.47985622947346,5.444376904220791,2.035479325252669
SP_11022005_8_8,industrial,urban,17.328806510560952,21.95088122498715,-4.622074714426198
SP_11033003_8_8,industrial,suburban,10.552197064324265,12.9919867438041,-2.4397896794798353
SP_11033004_8_8,industrial,suburban,11.339660950466136,13.648174449839573,-2.3085134993734364
SP_11033005_8_8,industrial,suburban,13.484860473039822,17.5548279467327,-4.069967473692879
SP_11033006_8_8,industrial,rural,8.556319372580836,11.736956876892304,-3.180637504311468
SP_11033007_8_8,industrial,urban,16.830922871202382,18.317239296744614,-1.4863164255422312
SP_11033008_8_8,industrial,rural,9.651241227546947,11.246954149838935,-1.5957129222919875
SP_11033009_8_8,traffic,suburban,13.38757256940414,9.654725815233713,3.7328467541704278
SP_12005005_8_8,industrial,urban,10.368284766216968,7.786085743973468,2.5821990222435005
SP_12009007_8_8,industrial,urban,21.03146009049909,11.209210385667694,9.822249704831394
SP_12028001_8_8,industrial,suburban,13.286221306848848,5.258798634626114,8.027422672222734
SP_12032001_8_8,industrial,rural,8.890898873679761,4.431800398301384,4.459098475378378
SP_12040008_8_8,industrial,suburban,5.540679744302933,7.416390171617925,-1.875710427314992
SP_12040009_8_8,industrial,suburban,14.837087960419389,6.106388019928284,8.730699940491105
SP_12040010_8_8,industrial,suburban,13.283865151371426,10.177329707706416,3.1065354436650097
SP_12040015_8_8,traffic,urban,16.69832584086622,14.69901740560701,1.999308435259211
SP_12040020_8_8,industrial,suburban,15.80305507683189,12.254551523261126,3.5485035535707645
SP_12080007_8_8,industrial,rural,2.952513712995079,3.900421168693058,-0.9479074556979787
SP_12084003_8_8,industrial,suburban,8.209359341292481,15.366638219823983,-7.157278878531502
SP_12093004_8_8,industrial,rural,2.214972277627248,3.6908327566531334,-1.4758604790258856
SP_13071015_8_8,industrial,suburban,9.569334440906497,7.231299406395372,2.3380350345111243
SP_13071017_8_8,industrial,suburban,11.296889788374328,6.888951746905812,4.407938041468515
SP_13071018_8_8,traffic,urban,14.993204293527112,9.700363062917686,5.292841230609426
SP_13071019_8_8,industrial,suburban,8.94466060870317,9.312660093308105,-0.36799948460493503
SP_14021009_8_8,traffic,urban,24.88913794557629,12.812536844365534,12.076601101210757
SP_15005011_8_8,industrial,rural,12.83375149661007,4.780500956101875,8.053250540508195
SP_15005012_8_8,industrial,suburban,9.376193883755995,5.862929208791845,3.51326467496415
SP_15005015_8_8,industrial,suburban,12.460041442770478,7.630037012620787,4.830004430149692
SP_15023004_8_8,industrial,urban,7.620285573639611,6.463919901273082,1.1563656723665297
SP_15024005_8_8,industrial,rural,6.32637814566386,4.153023395920388,2.1733547497434715
SP_15030001_8_8,traffic,urban,13.758410322968595,10.59008260182893,3.168327721139665
SP_15030021_8_8,industrial,urban,22.296540031464737,9.407190274184698,12.889349757280039
SP_15030028_8_8,industrial,suburban,6.711174544916782,5.935816866313464,0.7753576786033181
SP_15032001_8_8,industrial,suburban,4.730410930704633,4.757726865377774,-0.02731593467314042
SP_15034008_8_8,industrial,rural,3.58221020874625,3.9990537132712363,-0.4168435045249863
SP_15036003_8_8,traffic,urban,8.34876105397634,18.50346246665116,-10.154701412674822
SP_15036004_8_8,industrial,suburban,6.0508809302553175,7.291691411473756,-1.2408104812184382
SP_15041001_8_8,industrial,rural,8.783520130300124,4.338981550255876,4.444538580044248
SP_15051001_8_8,industrial,suburban,10.850286534118055,6.432851870352507,4.417434663765548
SP_15059004_8_8,industrial,rural,5.392767493972365,4.055952224518814,1.3368152694535516
SP_15070002_8_8,industrial,suburban,2.864453346547488,6.012787631724437,-3.1483342851769485
SP_15070006_8_8,industrial,rural,1.5994755317133074,3.913470758438687,-2.31399522672538
SP_15070010_8_8,industrial,rural,2.453725562104526,5.215041730581152,-2.7613161684766263
SP_15070011_8_8,industrial,rural,1.100212593983497,4.179810781194606,-3.0795981872111087
SP_15078008_8_8,traffic,urban,9.26689100318402,9.932411024429774,-0.6655200212457544
SP_17079003_8_8,traffic,urban,20.75837639686836,17.977346560323397,2.7810298365449633
SP_18087007_8_8,traffic,urban,32.46170862163771,17.95415422553367,14.507554396104041
SP_20009001_8_8,traffic,urban,19.30871875042245,10.008623577376962,9.300095173045488
SP_20018001_8_8,traffic,urban,11.65049291716008,11.005272196290164,0.645220720869915
SP_20019001_8_8,traffic,suburban,16.606869271379665,11.54455954951893,5.062309721860736
SP_20040001_8_8,traffic,urban,19.241499429659367,11.916181521358464,7.325317908300903
SP_20055001_8_8,traffic,urban,14.4505376599268,11.1968563258088,3.2536813341179993
SP_20069002_8_8,traffic,urban,21.24119686055305,11.856530607516802,9.384666253036247
SP_20069005_8_8,traffic,urban,13.460292580090716,11.071642285865284,2.3886502942254317
SP_20069006_8_8,traffic,urban,25.908731992243972,16.684628232597575,9.224103759646397
SP_20071001_8_8,traffic,urban,18.280394273600795,10.222087089607518,8.058307183993277
SP_20073001_8_8,industrial,urban,9.969080389072625,7.202219565383637,2.7668608236889876
SP_21041015_8_8,industrial,urban,14.720948627633682,13.550848340418662,1.1701002872150195
SP_21041016_8_8,traffic,urban,9.90386375464498,11.711416401752523,-1.807552647107542
SP_21041017_8_8,industrial,urban,5.894978273273625,13.936709636287008,-8.041731363013383
SP_21050001_8_8,industrial,suburban,11.224516369213484,7.281317669829879,3.943198699383605
SP_21050003_8_8,industrial,suburban,11.05563242650505,6.550462284651726,4.505170141853323
SP_21053003_8_8,industrial,urban,11.354800349472132,6.6888041056141425,4.66599624385799
SP_21055005_8_8,industrial,suburban,4.519600612524363,8.093630731014112,-3.574030118489749
SP_21055007_8_8,industrial,suburban,8.066637106854497,9.640767664271234,-1.574130557416737
SP_21060002_8_8,industrial,urban,8.662216751573615,10.147813383534832,-1.4855966319612168
SP_21064002_8_8,industrial,urban,12.265945807754555,7.0254325482063456,5.24051325954821
SP_22125001_8_8,traffic,urban,15.550202326413917,11.78652831641022,3.7636740100036974
SP_23010002_8_8,industrial,urban,14.807107545380504,10.499403231353643,4.307704314026861
SP_23097001_8_8,industrial,urban,12.717021052111935,5.664215512744909,7.052805539367026
SP_24038001_8_8,industrial,rural,3.1816768376550986,5.661052462169264,-2.479375624514166
SP_24089006_8_8,traffic,urban,16.38381914410641,13.916417866686322,2.4674012774200893
SP_24115017_8_8,traffic,urban,16.14400069226397,14.367176225340044,1.7768244669239248
SP_24134006_8_8,industrial,suburban,5.837072826242081,7.523984617875005,-1.686911791632924
SP_25120001_8_8,traffic,urban,18.046876350431816,14.068484758372756,3.97839159205906
SP_26011001_8_8,industrial,rural,7.467018682478402,8.430421793001154,-0.9634031105227514
SP_26019001_8_8,industrial,rural,8.138048615840033,4.555147158812764,3.582901457027269
SP_26066001_8_8,industrial,rural,6.001160363350826,4.290041315363394,1.7111190479874328
SP_26117001_8_8,industrial,rural,5.945245847034625,5.499510631730122,0.4457352153045031
SP_27025015_8_8,industrial,suburban,4.245238754005956,4.893746934052093,-0.6485081800461368
SP_27028005_8_8,traffic,urban,9.56503754971466,12.324887411531284,-2.7598498618166243
SP_27033001_8_8,industrial,rural,1.0378008059010837,3.9439202571147236,-2.90611945121364
SP_27057001_8_8,industrial,suburban,3.5191166413741857,4.349429984288697,-0.8303133429145118
SP_27065004_8_8,industrial,rural,3.246036344759856,4.07811720014753,-0.8320808553876744
SP_28005002_8_8,traffic,urban,25.338282596027163,21.94804684115254,3.390235754874624
SP_28006004_8_8,traffic,urban,21.519355824013367,24.522964707535422,-3.0036088835220554
SP_28014002_8_8,industrial,urban,17.117306006289404,16.53491629921837,0.5823897070710338
SP_28045002_8_8,traffic,urban,16.09761864041755,18.04960388483382,-1.9519852444162709
SP_28047002_8_8,traffic,urban,22.331015968020083,14.030127743040325,8.300888224979758
SP_28049003_8_8,traffic,urban,28.40702192182768,24.913922660569405,3.4930992612582763
SP_28058004_8_8,industrial,urban,24.944312363413307,30.60928412716548,-5.664971763752174
SP_28065014_8_8,traffic,urban,28.640145587086987,34.6043028639188,-5.964157276831809
SP_28074007_8_8,traffic,urban,30.93345383390537,29.74636339269198,1.1870904412133925
SP_28079004_8_8,traffic,urban,28.139324075365263,25.41942375441949,2.719900320945772
SP_28079008_8_8,traffic,urban,32.75817101517494,25.156740581990594,7.601430433184344
SP_28079011_8_8,traffic,urban,29.550807460492,26.975178011717976,2.5756294487740234
SP_28079036_8_8,traffic,urban,29.22098683999211,26.177209766878644,3.0437770731134677
SP_28079038_8_8,traffic,urban,29.26709888037936,25.366330177779094,3.900768702600267
SP_28079039_8_8,traffic,urban,28.206783724838363,25.282629634539994,2.9241540902983694
SP_28079048_8_8,traffic,urban,28.811127039028317,24.881613923623494,3.9295131154048235
SP_28079050_8_8,traffic,urban,30.44688801513949,26.6070217460468,3.8398662690926884
SP_28079056_8_8,traffic,urban,36.176046247711824,29.121658162133805,7.054388085578019
SP_28180001_8_8,traffic,suburban,12.173388496502612,8.492906499723887,3.6804819967787257
SP_29067007_8_8,industrial,suburban,11.613507080628226,7.991854384938455,3.6216526956897708
SP_29067008_8_8,traffic,urban,31.13204000039515,24.39489158444435,6.737148415950802
SP_29069002_8_8,traffic,urban,22.870135557097697,11.90730093847498,10.962834618622717
SP_30005002_8_8,industrial,suburban,17.539105748257228,10.170345123373089,7.368760624884139
SP_30016001_8_8,industrial,suburban,13.713501606612304,7.805832388231295,5.90766921838101
SP_30016018_8_8,industrial,suburban,13.180342443692222,6.064043378417739,7.116299065274483
SP_30016021_8_8,industrial,suburban,15.822140471571709,13.638429633360877,2.183710838210832
SP_30030007_8_8,traffic,suburban,28.436444508326662,9.852992132605307,18.583452375721357
SP_31107001_8_8,industrial,rural,3.592924879717814,4.331403193661029,-0.7384783139432152
SP_31201015_8_8,traffic,urban,30.73274172607855,18.491161107188013,12.241580618890538
SP_31216001_8_8,industrial,suburban,6.030242431215896,5.374452093005499,0.6557903382103971
SP_31232002_8_8,industrial,rural,6.067742918165343,6.645936684467133,-0.5781937663017898
SP_32032001_8_8,traffic,suburban,5.942332743602154,5.811853960825561,0.13047878277659297
SP_32054004_8_8,traffic,urban,19.197697241039823,8.774974726423526,10.422722514616297
SP_33004020_8_8,industrial,suburban,12.711917077283616,13.844623982756739,-1.132706905473123
SP_33004021_8_8,traffic,urban,16.370285276421942,17.285934167193894,-0.9156488907719513
SP_33004049_8_8,traffic,urban,17.05402741979278,16.50208074769249,0.5519466721002928
SP_33024024_8_8,traffic,urban,17.701390009958093,18.40373870682694,-0.7023486968688459
SP_33024025_8_8,traffic,urban,20.67531475442982,19.17247556251362,1.5028391919162019
SP_33024027_8_8,traffic,urban,14.21475676669776,14.668079833065983,-0.45332306636822217
SP_33024099_8_8,industrial,suburban,13.253980598746937,12.030709186155706,1.223271412591231
SP_33031029_8_8,industrial,suburban,10.099454275548492,10.53370416293276,-0.4342498873842686
SP_33031030_8_8,industrial,urban,11.385264867936902,15.38814187390772,-4.002877005970818
SP_33037012_8_8,traffic,urban,7.889773608618759,11.886419354113304,-3.996645745494545
SP_33044029_8_8,traffic,urban,14.333053372530784,15.896449997253352,-1.563396624722568
SP_33044030_8_8,traffic,urban,25.708280948285516,15.067006233493647,10.64127471479187
SP_33044033_8_8,industrial,suburban,10.987631610441834,5.675196606656063,5.3124350037857715
SP_33066004_8_8,industrial,suburban,14.160144864421902,11.634453893957984,2.525690970463918
SP_34023003_8_8,industrial,rural,9.615937935517502,7.541706367841031,2.0742315676764713
SP_34080004_8_8,industrial,urban,7.841123505544103,5.580241869179564,2.260881636364539
SP_34120008_8_8,traffic,urban,6.183851603882659,11.26164987843958,-5.077798274556922
SP_36038010_8_8,traffic,urban,15.142394697550866,11.903616366880387,3.2387783306704794
SP_36041001_8_8,industrial,rural,6.754290006215271,6.196321049876088,0.5579689563391828
SP_36057019_8_8,traffic,urban,19.388755106395383,17.096098522821855,2.292656583573528
SP_36057021_8_8,industrial,urban,17.505441842698364,14.41330260477439,3.0921392379239734
SP_36057022_8_8,industrial,urban,21.268376768159374,13.340202637045229,7.928174131114146
SP_36057026_8_8,traffic,urban,18.798154719346947,15.145665146644845,3.652489572702102
SP_37274010_8_8,traffic,urban,10.710428631741388,8.580118300790712,2.1303103309506763
SP_39008001_8_8,industrial,suburban,11.791640854490016,12.914870914048436,-1.12323005955842
SP_39016003_8_8,industrial,urban,11.1277414986697,20.18117939187394,-9.05343789320424
SP_39075006_8_8,traffic,urban,21.60460090166816,21.43949799755347,0.16510290411468986
SP_39087004_8_8,traffic,urban,16.59666533609491,9.304326804133517,7.292338531961395
SP_40194002_8_8,traffic,urban,12.209840765639912,6.688107372422378,5.521733393217534
SP_41049001_8_8,industrial,rural,7.138984343415782,4.615573079813916,2.523411263601866
SP_41091009_8_8,traffic,urban,25.55306961114458,15.43245440763518,10.120615203509399
SP_41091010_8_8,traffic,urban,23.27736173099736,18.61270289462141,4.664658836375949
SP_42173001_8_8,traffic,urban,19.19481593427885,9.178000572597533,10.016815361681317
SP_43004005_8_8,industrial,rural,5.190093778836597,4.126276249137785,1.0638175296988122
SP_43005002_8_8,industrial,rural,7.78345581899848,5.4987253517706485,2.2847304672278312
SP_43047001_8_8,industrial,suburban,13.49536887042765,10.844040579751026,2.6513282906766253
SP_43103001_8_8,industrial,rural,8.74945217760708,8.21850920021401,0.530942977393071
SP_43123005_8_8,traffic,suburban,15.818383057103318,16.130921171687703,-0.31253811458438463
SP_43148001_8_8,traffic,suburban,13.656280084077617,9.762467427585158,3.893812656492459
SP_43148003_8_8,industrial,suburban,14.951458339706134,17.099590095888395,-2.148131756182261
SP_43148022_8_8,industrial,suburban,14.737748485729036,20.35539656316619,-5.617648077437156
SP_43162002_8_8,industrial,rural,7.915865914623678,5.2173184260455105,2.6985474885781677
SP_43162005_8_8,industrial,rural,2.347864772239087,2.8137595801150916,-0.4658948078760048
SP_45165004_8_8,traffic,urban,24.91392295635985,12.172897513028138,12.741025443331713
SP_46010001_8_8,industrial,suburban,9.05646950591128,4.894528965063295,4.1619405408479855
SP_46078004_8_8,traffic,urban,11.32718073765824,14.443870762611146,-3.1166900249529057
SP_46102002_8_8,traffic,urban,15.38379362342463,11.795439751003677,3.588353872420953
SP_46131002_8_8,traffic,urban,9.459453636039791,10.44244881761757,-0.9829951815777793
SP_46220003_8_8,traffic,urban,9.500420544859296,11.735243095280465,-2.2348225504211694
SP_46220010_8_8,industrial,suburban,8.678384378616771,4.450330028766511,4.22805434985026
SP_46250030_8_8,traffic,urban,16.2617323481883,18.158375724185444,-1.8966433759971437
SP_46250047_8_8,traffic,urban,15.853579053766875,14.23242056361609,1.6211584901507852
SP_46250048_8_8,traffic,suburban,16.431065730894442,10.807062159960678,5.624003570933764
SP_46250050_8_8,traffic,urban,18.49982065290192,15.497480425784255,3.0023402271176653
SP_46250054_8_8,traffic,urban,27.89406905836373,15.782424097980083,12.111644960383646
SP_46250055_8_8,traffic,urban,33.65848668062543,16.731090645621276,16.927396035004154
SP_47085003_8_8,industrial,suburban,4.228337342824144,8.755657471555617,-4.527320128731473
SP_47186022_8_8,industrial,suburban,10.8821787990968,8.967730933077805,1.914447866018996
SP_47186025_8_8,industrial,urban,17.32268526499227,16.349715092723965,0.9729701722683046
SP_47186026_8_8,industrial,suburban,4.760862613506236,8.32765649584147,-3.566793882335234
SP_47186027_8_8,traffic,urban,21.47416829325477,19.19587318199464,2.2782951112601317
SP_47186029_8_8,traffic,urban,15.261103765769,17.702652304330645,-2.4415485385616442
SP_47186030_8_8,industrial,urban,15.385199086330232,16.671389229311654,-1.2861901429814218
SP_47186031_8_8,traffic,urban,19.25123947923689,17.458744611764523,1.7924948674723673
SP_47186032_8_8,traffic,urban,12.775602552370348,10.146595128123796,2.629007424246552
SP_48002001_8_8,industrial,suburban,15.62007369556286,10.918868266483383,4.701205429079478
SP_48002002_8_8,industrial,urban,13.622195184428552,8.596995060493146,5.025200123935406
SP_48015002_8_8,industrial,urban,19.97680031074874,19.88501221985744,0.09178809089129913
SP_48020006_8_8,traffic,urban,29.04555077879342,22.607931802936182,6.437618975857237
SP_48020062_8_8,traffic,urban,22.93239396473092,19.33118621894101,3.6012077457899103
SP_48027001_8_8,industrial,urban,16.00202921125404,11.784092398459636,4.217936812794404
SP_48071002_8_8,industrial,suburban,7.563623237687373,12.76697106532449,-5.203347827637118
SP_48071004_8_8,industrial,urban,8.08977504360629,11.0177156226914,-2.92794057908511
SP_48084008_8_8,traffic,urban,20.54272474546725,23.928997573220055,-3.386272827752805
SP_48902006_8_8,traffic,urban,22.051077385955903,19.928528488176756,2.122548897779147
SP_48904002_8_8,traffic,suburban,16.73069681950475,21.112199427667033,-4.3815026081622825
SP_49275002_8_8,traffic,urban,10.24999866420674,12.713754584364962,-2.4637559201582206
SP_50008001_8_8,traffic,suburban,12.86134113234153,5.0724474479761525,7.788893684365377
SP_50297026_8_8,traffic,suburban,17.734950587402132,16.196583769805827,1.5383668175963052
SP_50297029_8_8,traffic,urban,20.039506918846502,16.669304323408078,3.3702025954384247
SP_50297032_8_8,industrial,suburban,12.688480039702892,14.927561258106833,-2.239081218403941
SP_50297037_8_8,traffic,urban,17.07812497220485,12.68628272818535,4.3918422440195
SP_50297038_8_8,traffic,urban,23.494277120070475,18.001150853161185,5.4931262669092895
SP_50297039_8_8,traffic,suburban,21.21654033007592,17.64885453008599,3.5676857999899276
