fid,levl_code,cntr_code,name_latn,mount_type,urbn_type,coast_type,shape_leng,cntr_name,shape_Length,shape_Area,NUTS_ID,NUTS_NAME,dens_2015,dens_2019,dens_2021,dens_2022,dens_2023,dens_cambio_pct,n_pixeles,frac_urbano_denso,frac_urbano_disperso,frac_industrial,frac_transporte,frac_otro_artificial,frac_agricola,frac_natural,frac_artificial,area_industrial_km2,area_artificial_km2,n_instalaciones,nox_total_t,n_estaciones,no2_estaciones,no2_fondo,area_km2,dens_instal,nox_por_km2,log_dens_pob,poblacion,n_celdas,no2_areal,no2_poblacion,no2_p90,no2_max,sup_sobre_20,sup_sobre_40,pob_sobre_20,pob_sobre_10,prob_media_20,brecha_exposicion
16,3,ES,Girona,2,2,1,621851.4616180001,Spain,838956.1681493283,10751640119.025547,ES512,Girona,125.8,129.3,130.7,135.6,138.2,9.85691573926868,590968,0.00429634091862842,0.03159223511256109,0.00593094719172611,9.3406072748439e-4,0.0058818751607532,0.23787582407169255,0.7134887168171542,0.04863545911115323,35.050000000000004,287.42,1,384,3,8.893012982875135,2.9603312758785227,5909.68035021851,0.16921388987866748,0.06497813371340831,4.92870191133357,816717.8244001981,1462,4.557331638326416,5.606619813533909,5.604996166181758,21.459861172516437,6.839945280437756e-4,0,4.95034157577204e-4,0.08235056751339412,0.006725110674013632,1.0492881752074927
132,3,ES,Huesca,2,2,3,753020.600194,Spain,1017226.8210550677,28516561620.93791,ES241,Huesca,14.3,14.2,14.2,14.5,14.7,2.7972027972027913,1563644,0.00108016914335999,0.00190644417783075,0.00174016592011992,4.6685818511118e-4,0.00055575309981044005,0.4046163960594611,0.5896342134143066,0.00574939052623231,27.21,89.9,3,470.3,3,8.800737325174445,5.426004824554711,15636.613866474088,0.19185739480541847,0.0300768442589961,2.6878474937846906,229858.2238371691,3915,3.6914849664360654,3.8783621612087296,4.06216061004689,8.227420586666792,0,0,0,0,9.72645238314599e-5,0.18687719477266418
244,3,ES,Zamora,4,3,3,713081.277333,Spain,955269.7748399384,18972702111.10207,ES419,Zamora,17.6,16.6,16.4,16.1,16,-9.090909090909092,1055896,8.5898611226863e-4,0.00614359747550895,0.00162231886473667,6.4210869252274e-4,0.00154560676430254,0.5347875169524271,0.4543998651382333,0.01081261790933955,17.13,114.17,1,180.6,2,5.628838598709221,1.0076785332117015,10559.0518849885,0.09470547269700146,0.01710380836907846,2.772588722239781,168944.830159816,2644,3.7261522091507198,3.9225844498595306,3.9218616044130554,10.204038225299076,0,0,0,0,4.709495351087758e-4,0.19643224070881082
272,3,ES,Toledo,4,2,3,891244.926648,Spain,1161039.5310597548,26062689256.118088,ES425,Toledo,45.2,45.5,45.9,47.4,48.3,6.858407079646001,1536727,0.00444971683324364,0.01069480786112302,0.00385234332448118,0.00191250625517739,0.00337014967525136,0.6631438114902647,0.3125766645604587,0.02427952394927661,59.2,373.11,5,1922.4499999999998,5,13.061494008201993,10.09838677116253,15367.289942372327,0.32536641260431143,0.1251001319822317,3.877431560658527,742240.1042165833,3845,4.28875439514972,4.965907146668387,5.344971302599733,22.143297635255202,2.600780234070221e-4,0,0.0032892549088081595,0.02859067675707482,0.004007519030444542,0.6771527515186673
275,3,ES,León,2,2,3,779729.1804,Spain,1059939.3627219016,28792511757.98737,ES413,León,30.8,29.7,29.5,28.9,28.9,-6.168831168831179,1558140,9.8579075051022e-4,0.0088939376436007,0.00301834238258436,6.1098489224331e-4,0.00624013246563209,0.32073048634910856,0.6595203255163208,0.0197491881345707,47.03,307.72,6,2549,7,8.048598836319053,4.931207451321939,15581.47708764305,0.38507260680428834,0.16359167912402184,3.3638415951183864,450304.68783288414,3893,3.9394368763624756,4.384778417396866,4.200446227367645,15.463968710670507,0,0,0,0.038248086140686054,0.0033730038837364467,0.4453415410343906
276,3,ES,Cádiz,4,1,1,602422.3492380001,Spain,750719.4862931159,11549460432.459167,ES612,Cádiz,170.9,171.3,171.8,171.3,171.9,0.5851375073142151,743748,0.01066490262830958,0.02026358390207435,0.00811834115856446,0.00243765361385845,0.00937010923054583,0.553337958555855,0.3958074509107924,0.050854590533352687,60.38,378.23,13,5014.516666666666,21,12.184074285717392,10.794941340859268,7437.870131913156,1.7478121786802645,0.6741871769380896,5.146912912388804,1278569.8756758715,1866,4.5678670874265235,7.3121707570969035,5.293776866323455,29.646239642842847,0.001607717041800643,0,0.03364356526639033,0.2016582506041749,0.03750249927778455,2.74430366967038
283,3,ES,Barcelona,2,1,1,661708.967373,Spain,887741.1184205218,13891097808.341745,ES511,Barcelona,705.8,726.5,730.7,745.1,756.6,7.197506375743856,773028,0.01923863042477116,0.05584403152279089,0.0258321820166928,0.00511883140067371,0.0100656121123685,0.25278385776453116,0.6311168547581718,0.11609928747729709,199.69,897.48,16,5666.2,42,20.263051050168333,18.457962842981704,7730.080933825454,2.069836025905868,0.7330065556242393,6.628834712198929,5848579.234532339,1940,6.639556435739831,14.210763302166832,10.487086527442935,35.95822860575317,0.026804123711340205,0,0.3062467320687207,0.566146550849166,0.28049470194745885,7.571206866427001
287,3,ES,Castellón/Castelló,2,2,1,464104.192412,Spain,609250.5394135547,11398325094.179848,ES522,Castellón/Castelló,86.6,86.6,87,90.3,92.1,6.351039260969982,663391,0.00462472357930692,0.01135529423823959,0.0093820989431572,0.00148479554290003,0.00165513249350684,0.2802223726279072,0.6912755825749822,0.0285020447971106,62.24,189.08,31,8029.1,17,9.279442332278576,4.92675910115689,6633.788440340436,4.673046220691525,1.2103340455017524,4.522874943261261,610971.9153553541,1657,4.535219485082612,6.495495764723191,5.530480304673608,20.45191601519197,0,0,0,0.12478447039267296,0.03153282954196996,1.9602762796405786
288,3,ES,Eivissa y Formentera,4,2,1,228521.677561,Spain,293917.2037794179,1087221507.5584316,ES531,Eivissa y Formentera,241.6,261.7,265.3,260.7,265.1,9.726821192052991,65679,0.00610545227546095,0.03855113506600283,0.00421748199576729,0.00436973766348452,0.00261879748473636,0.4292239528616453,0.5149134426529027,0.05586260448545197,2.77,36.69,2,541.8,4,8.174357854214099,4.892245432486116,656.6981333371673,3.0455393406351345,0.8250366073780578,5.5801071132949795,174090.67514768307,161,4.268392630336435,5.4339179969787255,5.463781160969339,11.698626018802987,0,0,0,0.1207818432730619,0.0022175356292705307,1.1655253666422905
306,3,ES,Burgos,2,2,3,1054675.8228,Spain,1429543.892221926,26201019105.563477,ES412,Burgos,25.3,24.9,24.9,25,25.1,-0.7905138339920903,1429200,0.00122935908200391,0.00396655471592499,0.00284774699132381,8.6621886369997e-4,0.00173383711167086,0.5093576826196473,0.4799986006157291,0.01064371676462356,40.7,152.12,5,979.45,5,8.502199969865693,5.9284108151941455,14291.761724936543,0.34985190043267395,0.0685324887757565,3.2228678461377385,358723.21929590724,3566,3.848408597440798,4.366287437111605,4.170042021092795,18.309012437194365,0,0,0,0.03820706290412776,0.007596139589899275,0.5178788396708072
328,3,ES,Tarragona,2,2,1,581089.3093389999,Spain,771083.0934572777,11104644935.02103,ES514,Tarragona,126.5,129.4,130.9,134.4,136.8,8.142292490118596,630190,0.00614735238578841,0.01994953902791221,0.0092368968088989,0.00158523619860676,0.00548088671670448,0.47831447658642634,0.4792856122756629,0.04239991113791079,58.21,267.20000000000005,13,6179.48,15,10.280772005113405,9.913121755470481,6302.2067696284885,2.0627695147435383,0.9805263816128769,4.918520005188451,862141.8860851773,1576,4.329977671840259,6.081031682772928,5.396294982855992,27.412760457569195,0.0019035532994923859,0,0.04129630077749952,0.08726834310442143,0.03366136052346292,1.7510540109326689
329,3,ES,Alicante/Alacant,2,1,1,471069.981569,Spain,602822.291658183,9508799739.057726,ES521,Alicante/Alacant,320.3,325,327.8,334.9,342.3,6.868560724320938,581832,0.01868580621210246,0.05521181371942416,0.01607680567586519,0.00144027829339053,0.01037240990526475,0.4506128916938223,0.4475999945001306,0.1017871138060471,93.54,592.23,2,774.9,11,9.002193931958706,7.391625417406026,5818.300414004042,0.3437429932607482,0.1331832227388769,5.83568754553614,1991604.2317135837,1458,4.794090269568343,7.319163070485956,6.674610955503114,18.182703963599696,0,0,0,0.16972234632162347,0.017135030667994,2.525072800917613
343,3,ES,Lleida,2,2,3,780330.455791,Spain,1051283.5825779648,22087020601.099754,ES513,Lleida,35.6,35.8,36,36.7,37.1,4.2134831460674205,1217154,0.00274410633329882,0.00291910473120081,0.00267755764677271,4.4776585378678e-4,0.00209587283121116,0.3903088680643534,0.5986407636174222,0.01088440739627031,32.59,132.48,3,635,4,7.373871126673975,3.8162027187546936,12171.447933843281,0.24647848113931947,0.05217127850782262,3.6136169696133895,451560.71834558574,3043,3.8554157391821575,4.450678112670708,4.453704039628937,14.082074107816362,0,0,0,0.025504158001112047,0.002737374609646419,0.5952623734885507
364,3,ES,Mallorca,4,1,1,442468.440351,Spain,574790.078910858,6143195625.814422,ES532,Mallorca,241.8,256.7,260,256.4,261.2,8.02315963606286,364114,0.01001060107548734,0.03457159021625095,0.00553947390103099,0.0027161822945561,0.00874176768814162,0.5518903420357361,0.38653004278879693,0.06157961517546703,20.17,224.22,4,1517.04,9,9.68608834579823,6.328045994607292,3641.252447122348,1.0985231202964705,0.41662587860363937,5.565286397402276,951095.1391883572,907,4.452791151015238,6.830688590445994,5.559847220286761,17.91757201768578,0,0,0,0.17901338551208165,0.0269133199588853,2.3778974394307557
365,3,ES,Menorca,4,2,1,174071.98442599998,Spain,227061.53353806605,1185249114.8390038,ES533,Menorca,134.1,140.8,142.6,141.7,144.6,7.829977628635354,69533,0.009117972761135,0.0351056332964204,0.00450145973854141,0.00372485007118921,0.00408439158385227,0.43084578545438856,0.5126199070944731,0.05653430745113831,3.13,39.31,1,2231.75,3,7.893358221840604,7.712073397516051,695.5161238265905,1.4377811897417994,3.2087681702062607,4.973971309724664,100571.63150532499,173,4.242998979207361,5.380928741236393,5.046949314749695,8.392396254866565,0,0,0,0,2.1780863007153978e-4,1.1379297620290325
400,3,ES,Badajoz,4,2,3,1045628.83191,Spain,1343342.7533539436,35795032795.07377,ES431,Badajoz,32.1,31.5,31.4,31.2,31.2,-2.8037383177570208,2176247,0.00388053378132169,0.00358139494276155,0.00345457110337199,8.0000110281599e-4,0.00139735976660737,0.7236687747300743,0.26321736457304706,0.01311386069687861,75.18,285.39,5,1485.5,7,5.981976085078259,5.981976085078259,21762.360514035245,0.22975448811149599,0.06826005841792546,3.4404180948154366,678985.6480378996,5441,3.922584960957686,4.524547646211894,4.241083829319071,21.071244820896677,1.837897445322551e-4,0,0.006528556096253346,0.020417199214417894,0.006317013570319508,0.6019626852542079
430,3,ES,Córdoba,4,1,3,719722.632716,Spain,912192.795189723,22212710603.35918,ES613,Córdoba,58.2,57.5,57.4,56.9,56.8,-2.4054982817869552,1377255,0.0045844814504213,0.00528369837103513,0.00493735727951613,0.00117334843583795,0.0021092680730874,0.7353155370646685,0.24659630932543355,0.01808815360989795,68,249.12000000000003,7,2380.5333333333333,3,16.362578369133455,12.09929858091204,13772.485132137752,0.5082597608811843,0.17284704325281267,4.039536325727106,782277.1555054242,3444,3.9684605848210714,4.816760575069157,4.161387585714153,13.403200207876743,0,0,0,0.028987977439030862,0.0011746596951072738,0.8482999902480857
431,3,ES,Cáceres,4,2,3,907057.772767,Spain,1179171.975653855,33617743155.226013,ES432,Cáceres,20.7,20,19.9,19.9,19.9,-3.8647342995169143,1986802,0.00246828823405653,0.0021094200629957,0.00211243999150393,9.5832397994364e-4,8.989320526152e-4,0.4898102578918282,0.5016423377870568,0.00854740432111503,41.97,169.82,1,170,3,5.339904310119076,5.339904310119076,19868.151472971236,0.05033180874226807,0.008556407486185573,2.990719731730447,395376.21431212756,4963,3.889322765067752,4.135782928522583,4.002969356128386,12.622090134830586,0,0,0,0.010196004726383172,3.4544000854147994e-4,0.2464601634548309
432,3,ES,Valencia/València,2,1,1,701457.506606,Spain,909122.9259459845,18110505217.146004,ES523,Valencia/València,234,237.7,239.3,245,249.7,6.709401709401708,1080827,0.01220824424260311,0.02057776128834679,0.01389121478275431,0.00182082794008661,0.00463811507299503,0.39565536390190104,0.5512084727713131,0.05313616332678587,150.14,574.3100000000001,7,2389.9833333333336,21,12.259653774588632,7.272030368345616,10808.449016935481,0.6476414876021416,0.22112176590633217,5.520260197285728,2698869.7195287896,2696,4.517618190419689,7.180338186422421,5.750518696545375,32.160568495815305,3.70919881305638e-4,0,1.7116897983468393e-4,0.1936370920641836,0.02137624008329233,2.662719996002733
435,3,ES,Almería,2,2,1,533391.621836,Spain,671152.6467441539,13859521628.198757,ES611,Almería,79.1,81.1,81.9,85.2,86.4,9.228824273072078,877793,0.0045557437801395,0.00673279463381457,0.00508775987049338,0.00114149919172287,0.0057542040093735,0.32193808790910844,0.6547899106053477,0.02327200148554386,44.66,204.28,3,1918.6666666666667,9,9.024081873766193,8.862596780917222,8777.956048587806,0.3417652108753311,0.218577839310934,4.45898767581001,758415.4025979865,2190,4.109675279298084,5.1072794311544305,4.912100004873359,22.464948132240504,4.5662100456621003e-4,0,0.017900713454134246,0.055924732207871815,0.01279722342003323,0.9976041518563461
442,3,ES,Guadalajara,3,2,3,768424.2379859999,Spain,1014890.2529985659,21338550594.560036,ES424,Guadalajara,21,21.4,21.7,22.4,22.8,8.571428571428585,1221033,6.5845886229119e-4,0.00648139730867224,0.00226938993458817,2.9073743297683e-4,9.2053204131256e-4,0.3325815109010158,0.6567979735191433,0.010620515579841,27.71,129.68,1,186.4,3,10.266035401543066,10.266035401543066,12210.432910266592,0.08189717820399267,0.015265634017224234,3.126760535960395,278397.8703540783,3052,3.8949103168849386,4.209866767515826,4.3469418289650585,16.91115386986661,0,0,0,0.024462978337335642,0.0032034591200660297,0.3149564506308873
449,3,ES,Huelva,4,2,1,592746.694992,Spain,747605.9954912164,16154961215.497019,ES615,Huelva,52.7,52.8,53.1,53.4,53.7,1.8975332068311257,1012929,0.00524321053104413,0.00389859506441221,0.00302587841793452,2.428600622551e-4,0.00780804972510412,0.38824043935952074,0.5915409668397291,0.0202185938007501,30.65,204.8,10,4235.35,13,8.443010115333472,4.029997139961713,10128.99574422254,0.9872647054574865,0.41814115702593657,3.983413001514819,543927.0714647505,2536,4.0643636081436885,4.8542869186695885,4.515758760047641,15.688899413591825,0,0,0,0.03589803235009124,0.004533830402550991,0.7899233105259
455,3,ES,Valladolid,4,2,3,687637.452772,Spain,921671.0555906012,14530484015.56046,ES418,Valladolid,65,64.3,64.3,64.2,64.7,-0.4615384615384577,811022,0.00148331364623894,0.01310075435684851,0.00689130504474601,0.00180266379950235,0.00248821856867014,0.8021533324620047,0.1720804121219893,0.02576625541600597,55.89,208.97,0,0,9,13.48237524415341,NA,8110.077077858054,0,0,4.169761201506855,524721.9869374161,2031,4.06567085959353,5.231207019513366,4.348396149192758,19.826834118881187,0,0,0,0.08444003339812324,0.027671911783444834,1.1655361599198368
467,3,ES,Salamanca,4,2,3,667482.557555,Spain,882524.8481407758,21578544776.801094,ES415,Salamanca,27.8,27,26.9,26.6,26.7,-3.9568345323741094,1235080,0.00111733652880785,0.0074707711241377,0.00134647148362859,0.00149059170256177,0.00199987045373579,0.6181129967289568,0.36846196197817144,0.01342504129287171,16.63,165.81,1,104,3,7.484561569033834,5.871628037680056,12350.866224751968,0.08096598099297138,0.008420462023269024,3.2846635654062037,329768.1282008775,3096,3.7970545499283923,4.110191128842645,4.154025038693114,11.901511311135542,0,0,0,0.024717918794949764,5.482714238502945e-4,0.31313657891425306
471,3,ES,Albacete,4,2,3,730041.61425,Spain,938196.0958284653,24625214149.325207,ES421,Albacete,26.5,26.2,26.1,26,26.1,-1.5094339622641506,1492353,0.002069885610174,0.00317753239347527,0.00275337001366298,9.6022857862717e-4,0.00108754430084571,0.569307663803403,0.4206437752998118,0.01004856089678514,41.09,149.96,2,1981.7,1,8.86028947234591,8.86028947234591,14923.556591771934,0.13401631090424485,0.132790061659471,3.261935314328648,389504.8270452475,3731,3.7814437766013023,4.284019796823429,3.8742401699071176,17.37440727499745,0,0,0,0.016032344278815374,0.002359839055351292,0.502576020222127
480,3,ES,Granada,3,2,1,658005.170911,Spain,828620.520678303,20031555726.8085,ES614,Granada,72.9,73.2,73.5,73.8,74.4,2.0576131687242816,1264820,0.00561819073069685,0.00506949605477459,0.00319808352176594,0.00132588036242311,0.00290792365712117,0.500577947850287,0.48130247782293134,0.01811957432678167,40.45,229.18,2,1709.4,5,15.786709852400492,11.617960160091187,12647.990650627307,0.15812788412369716,0.13515190256052398,4.309455941839047,941010.5044066717,3160,3.942361525797182,5.090656551931487,4.216270171426005,17.85051294005396,0,0,0,0.056612387983441634,0.006198852843400601,1.1482950261343055
481,3,ES,Araba/Álava,3,1,3,597861.2309119999,Spain,815046.7483117612,5651549383.089096,ES211,Araba/Álava,106.8,109.2,109.5,111.3,112,4.8689138576779145,303729,0.00196556798988572,0.01073325234007947,0.01374580629442694,0.00569257463067405,0.0037862699972673,0.3753971467986264,0.5886793819490401,0.03592347125233349,41.75,109.11,5,1895.4,7,10.868737818853043,6.30533181689243,3037.497415543148,1.646091935556735,0.6240005309308471,4.718498871295094,340199.71054083254,765,4.580755265654233,6.144704937648774,5.649794280634671,19.190250415794885,0,0,0,0.12724826747271933,0.03839765502027747,1.563949671994541
482,3,ES,Gipuzkoa,2,1,1,257788.048363,Spain,353516.7643211559,3720698475.195811,ES212,Gipuzkoa,359.4,362.3,363.1,367.4,369.1,2.698942682248195,198012,0.01068117083813102,0.01608993394339737,0.02618528170009898,0.00630264832434397,0.00531785952366523,0.2169262468941276,0.7184968587762358,0.06457689432963659,51.85,127.87,9,1795.8333333333335,15,14.760098348419014,10.256732220435138,1979.924634261706,4.54562756796852,0.9070210563863113,5.911067610035953,730790.1825059957,497,6.161397505839964,8.45630560706321,8.43465524992273,17.506419034146603,0,0,0,0.23673667308326757,0.025333363002088344,2.294908101223247
483,3,ES,Palencia,4,2,3,677467.573082,Spain,917353.6636356546,14760906210.304419,ES414,Palencia,20.6,20,19.8,19.7,19.7,-4.368932038834961,805084,4.9063203342756e-4,0.00620307943022094,0.00390021413914572,0.00148059084517888,0.00180229640633772,0.6783366704592316,0.30778651668645757,0.01387681285431085,31.4,111.72,4,1322.8,3,7.880304348314755,NA,8051.012318462458,0.4968319314115644,0.16430231971780435,2.9806186357439426,158604.9426737104,2011,3.9045350350777293,4.0375124906331665,4.105060349656469,13.966646774323262,0,0,0,0.005407029556764271,8.549807253067299e-4,0.13297745555543727
500,3,ES,Cantabria,2,2,1,610470.1274229999,Spain,837132.1666229984,10027166351.734838,ES130,Cantabria,110.9,110.5,110.7,111.4,111.9,0.901713255184844,532663,0.00237110518282666,0.02109025781779474,0.00427474782367087,0.00207072764580982,0.00337924729143942,0.28735429342755175,0.6794596208109067,0.03318608576154153,22.77,176.77,8,3864.8998333333334,11,11.712261240712948,9.67346072241709,5326.425575970982,1.501945326353619,0.7256085301874852,4.71760561531788,596027.021951153,1324,4.088256053817701,5.6244320512398005,5.565722567924616,21.93306700823092,0.0015105740181268882,0,0.05091474070617007,0.10153926810287585,0.03187850242063547,1.5361759974220996
510,3,ES,La Rioja,2,2,3,540339.030173,Spain,730512.0060443719,9223669769.023714,ES230,La Rioja,62.2,62.6,62.8,63.8,64.2,3.215434083601276,504666,0.00313078352811562,0.0055363349225032,0.00706804104100533,0.00119088664582119,0.00270277767870234,0.371489262205102,0.6088819139787504,0.01962882381614771,35.67,99.06,5,2313.8,5,8.946229495814109,17.179673970366657,5046.536407513871,0.9907785451731642,0.4584926795643335,4.162003210695915,323987.6373623906,1256,4.0385999347344965,4.916130264031896,4.456996376521123,17.092477975781748,0,0,0,0.042414824501359846,0.008717921412207915,0.8775303292973993
520,3,ES,Teruel,3,3,3,824822.668345,Spain,1088023.9602372004,25764882909.958527,ES242,Teruel,9.3,9,9,9.1,9.1,-2.1505376344086113,1480972,6.0095666899846e-4,0.00210537403813171,0.00133358361940671,3.8960898653046e-4,0.00285083040057475,0.36975783471936,0.6229618115669979,0.00728035371364212,19.75,107.82,4,1912.8333333333333,2,6.065308116649305,6.065308116649305,14810.043736897316,0.27008698090705263,0.12915784499459346,2.2082744135228043,134771.39800576557,3712,3.7781476803022205,3.8147901737513727,4.033123334616653,9.119804659262858,0,0,0,0,1.1506631649611045e-5,0.03664249344915227
564,3,ES,Pontevedra,2,2,1,632211.427366,Spain,857635.8923408951,8255442570.725669,ES114,Pontevedra,211.9,211.2,211.5,212,212.3,0.18876828692779848,449377,0.00392988515211058,0.03956588788478271,0.00674266818283979,9.6800681832848e-4,0.00330457500050069,0.29183514065027805,0.6536538363111597,0.05451102303856228,30.3,244.96,2,783.5333333333334,8,13.412055616522727,4.219515895907802,4493.821954083241,0.4450554606825781,0.17435789431341137,5.35800036870921,954038.400851872,1113,4.235016902059465,6.200278948850253,5.302037928988426,19.213331358534383,0,0,0,0.11575537682616258,0.03191421784432872,1.9652620467907882
602,3,ES,Ourense,3,3,3,555585.808645,Spain,750702.4986509429,13259097690.934624,ES113,Ourense,44,42.7,42.5,42.3,42.3,-3.863636363636369,727214,0.00146174303575013,0.00635163789476,0.00127335282324047,3.1902576133022e-4,0.00541243705429213,0.2213873770306952,0.7637944263999318,0.01481819656937297,9.26,107.76,1,1119.2,3,8.751807908646123,1.1153937412963912,7272.300067874105,0.13750807731622217,0.15389904013231584,3.744787086052232,307618.2928710746,1826,3.690249885709426,4.258578623548667,4.092378882152074,13.983069328100841,0,0,0,0.038631743142095276,0.004899014531014318,0.568328737839241
611,3,ES,Asturias,2,2,1,710000.5177879999,Spain,974946.735713429,20020120904.528355,ES120,Asturias,99,96.6,96.2,95.2,95.4,-3.6363636363636265,1060206,0.00257025521455264,0.01044985597138669,0.00578661128120384,0.00217976506452519,0.00322012891834228,0.25062865141302726,0.7251647321369621,0.02420661645001065,61.35,256.64,17,13419.066666666666,22,12.618408248766347,8.882463252718063,10601.864081815387,1.6034916000440784,1.265727098848911,4.558078578454241,1011417.833405188,2649,4.3146610428378285,5.822025952912181,5.066074228486529,20.24312892996248,0,0,0,0.12510011784450853,0.02327290049534711,1.5073649100743527
615,3,ES,Soria,4,3,3,634506.725156,Spain,849101.9711230414,18458104545.381905,ES417,Soria,8.9,8.7,8.7,8.6,8.7,-2.2471910112359716,1030621,5.4918345347125e-4,0.00127301888861181,9.6737792069053e-4,4.3760024296031e-4,7.5779554268737e-4,0.4096714505138164,0.5863435734377623,0.00398497604842129,9.97,41.07,1,246,2,11.152892485416075,3.1109690365533,10306.576548642477,0.09702542791783896,0.023868255267788383,2.163323025660538,89667.21597318954,2578,3.6631132521288676,3.793112590062369,3.753314039705792,8.148762572059512,0,0,0,0,7.363512311012491e-5,0.12999933793350138
617,3,ES,Zaragoza,2,1,3,1119634.1917700002,Spain,1499860.3349596933,30933304506.68178,ES243,Zaragoza,56.4,56.8,57,56.9,57.4,1.773049645390068,1727238,0.00236504754990337,0.00525926363361621,0.00586774955159624,0.00171777137835087,0.0034899649035049,0.5815035333868291,0.3997966695961993,0.0186997970169716,101.35,322.99,11,2559.0166666666664,10,16.137420170707937,12.086993535478356,17271.735942825308,0.6368786575022535,0.1481620999265962,4.050044303325521,991397.6431181727,4310,4.015577099031486,5.010920542646478,4.203622105504846,18.032331924818273,0,0,0,0.07661118666743492,0.01179703137614396,0.9953434436149919
625,3,ES,A Coruña,2,2,1,848414.525513,Spain,1164270.6096213614,14929526183.025124,ES111,A Coruña,142.8,142.3,142.3,142.1,142.7,-0.07002801120449265,794890,0.00411629282039024,0.01881140786775528,0.00567499905647322,0.00137125891632804,0.00407729371359559,0.34007598535646444,0.6258727622689932,0.03405125237454239,45.11,270.67,17,12210.15,23,7.551282956891214,5.757712415700621,7948.9201864595025,2.138655264014156,1.536076563053085,4.960744524482791,1134310.910607771,1984,3.977097072945257,4.623927798398479,4.338280558923199,12.949816439065645,0,0,0,0.0411582707625036,0.0016180145861154247,0.646830725453222
643,3,ES,Lugo,2,3,1,611256.46045,Spain,836866.0749415394,18444359454.39856,ES112,Lugo,34.4,33.5,33.3,33,33.1,-3.779069767441856,985632,0.00114647251712606,0.00425209408785429,0.00144780201941495,0.00111603519366254,0.00173492743742086,0.3340516541670725,0.6562510145774488,0.00969733125547871,14.27,95.58,5,1140.1166666666668,6,3.9709063398682227,2.2122079434535946,9856.374547292284,0.5072859169473817,0.11567302573539848,3.4995332823830174,326245.9975153746,2470,3.856489432054368,4.163935359994387,4.019027125908092,12.94377510014281,0,0,0,0.013727099667994845,0.00140146629923584,0.30744592794001857
671,3,ES,Ciudad Real,4,2,3,898886.869709,Spain,1156742.4350673533,32787615358.839664,ES422,Ciudad Real,25.9,25,25,24.9,24.9,-3.861003861003864,1981428,0.00260317306508235,0.00336424033575784,0.00289084438092123,5.7736137775382e-4,0.00240483126310923,0.5912029102243432,0.3969566393530322,0.01184045042262449,57.28,234.61,6,2398.1,5,11.127924504633224,10.835533391655014,19814.776374747333,0.3028043257478604,0.12102584226265733,3.214867803470662,493387.9317312086,4946,3.913920935379087,4.567340534753375,4.177835703209211,15.578787387093087,0,0,0,0.0176843246846042,0.0016722587729790872,0.6534195993742875
692,3,ES,Murcia,2,1,1,621246.687715,Spain,789151.6942924401,18253070479.854156,ES620,Murcia,129.7,132.4,133.5,136.3,138,6.3993831919815,1131483,0.00908807290962391,0.00926571587907198,0.00989674612875315,0.00123201143985371,0.0078587128573739,0.5562142780757643,0.40644446270955903,0.03734125921467667,111.98,422.51,9,3533.35,8,15.397712700144798,11.496722274232752,11314.7226415341,0.7954238283281277,0.3122789759803545,4.927253685157205,1561431.7245317057,2825,4.287048394742686,6.152698214111786,4.954722018258967,19.639564869751073,0,0,0,0.09772480452668811,0.012364395111860492,1.8656498193691
701,3,ES,Madrid,4,1,3,688767.607292,Spain,906149.2663111435,13899917786.106367,ES300,Madrid,803.9,839.7,846.9,853.9,870.6,8.297051872123395,802956,0.01172791535277151,0.07142732603031797,0.02776490866249209,0.01467826381520282,0.02435998983755025,0.36761416565789407,0.4824274306437713,0.14995840369833466,222.94,1204.1,7,1760.2333333333333,48,22.358705982067196,19.76340526219311,8029.524083576644,0.871782676923231,0.2192201324775479,6.769182629118197,6990503.667161827,2011,7.524252667822969,15.012200069007015,14.826704749287192,47.04045066138072,0.062158130283441075,0.001989060169070114,0.3725921698397394,0.5194444193011787,0.33612769181616714,7.487947401184046
714,3,ES,Sevilla,4,1,3,815079.064373,Spain,1027766.7991238864,22301193298.081078,ES618,Sevilla,139.7,140.8,141.2,140.8,141.5,1.2884753042233354,1403535,0.0090143815437449,0.01034316921202535,0.00805466197850427,0.00225929527941946,0.00630194473240781,0.7509018300220515,0.21312471723184673,0.03597345274610181,113.05,504.9,3,1720.3999999999999,11,14.908054816059307,13.502398411386832,14035.323759537601,0.21374640524137337,0.1225764385257529,4.952299717083292,1985998.3119745706,3503,4.306307174238306,6.111392136024879,4.706326626433787,19.095016311804656,0,0,0,0.10424437115776086,0.013513210375268273,1.805084961786573
728,3,ES,Ávila,3,3,3,581939.443169,Spain,766998.7476255336,13968203026.32286,ES411,Ávila,20.6,19.8,19.8,19.9,19.9,-3.398058252427194,805096,8.1853592615042e-4,0.00898029551755318,0.00118867812037322,3.8504724902371e-4,8.6449317845325e-4,0.3530100758170454,0.6347528741914008,0.0122370499915538,9.57,98.52,0,0,1,5.279355417656333,5.279355417656333,8050.8547609573225,0,0,2.990719731730447,160212.0097430507,2016,3.735419960732559,3.9792788578045113,3.920766949539427,9.678890696129972,0,0,0,0,7.194766162878443e-5,0.24385889707195219
735,3,ES,Jaén,3,2,3,605165.666855,Spain,768885.3865379471,21780422054.713833,ES616,Jaén,48.6,47.2,46.9,46.6,46.4,-4.526748971193417,1349582,0.0048755836992491,0.00255931095702224,0.00319135850952368,8.9361002147331e-4,0.00137746354056293,0.5750632418037585,0.4120394314684102,0.01289732672783128,43.07,174.06,5,2433.7666666666664,4,13.362969180169413,12.963874061592607,13496.224393622719,0.370473982513407,0.18032944590167588,3.8372994592322094,626224.8118640941,3376,3.9688612863087522,4.840762206694262,4.381069411838067,13.153810402966858,0,0,0,0.053657916834023725,0.002142181537309087,0.8719009203855101
736,3,ES,Málaga,2,1,1,544680.3794389999,Spain,680777.7621302668,11431747518.493807,ES617,Málaga,225.5,230.2,232.7,238.7,242.8,7.671840354767179,731304,0.01243532101561047,0.02219596775075755,0.00533157209587257,0.00339667224574185,0.01146581995996193,0.49853139050244494,0.4466432564296106,0.05482535306794438,38.99,400.94,4,1311.2,7,17.572573958238006,14.348083767386242,7312.967771714041,0.546973557776594,0.1792979322391675,5.492238059185343,1775588.5749721692,1827,4.564296684117377,7.816108985339936,5.198241160436261,25.548923501085373,0.0038314176245210726,0,0.050789583246227024,0.2443595778032807,0.05765462964664918,3.251812301222559
745,3,ES,Navarra,3,2,3,728532.693268,Spain,990969.7028138319,19231907748.890656,ES220,Navarra,61.6,63.1,63.5,64.6,65.3,6.006493506493493,1039172,0.00171578910902141,0.0078697270519221,0.00612603110938324,0.00149542135469392,0.00220656445708698,0.42203215637064895,0.5585543105472434,0.01941353308210768,63.66,201.74,12,4179.95,10,11.662088019479537,11.699538039936295,10391.734498763657,1.1547639137073493,0.40223795175841953,4.178992036282385,678580.2627692667,2595,4.237255558957636,4.842588931067517,4.7812471089059585,18.65414157627196,0,0,0,0.053249840260453755,0.005459947065129926,0.6053333721098815
749,3,ES,Segovia,4,3,3,485865.773462,Spain,646293.2594800997,12231702303.554825,ES416,Segovia,22.7,22.3,22.3,22.3,22.5,-0.8810572687224627,692461,7.8415968552741e-4,0.01009731956023516,0.0015062220110591,5.7476161112322e-4,0.00224128145845036,0.52817270575527,0.4566235499183347,0.01520374432639527,10.43,105.28,1,208.75,1,12.209840765639912,NA,6924.420703828644,0.14441641297835658,0.030146926209231935,3.1135153092103742,155799.4658361445,1727,3.8841917263574532,3.9873269582752786,4.058317193197938,9.517346802238672,0,0,0,0,1.3398732372308625e-4,0.10313523191782537
752,3,ES,Cuenca,4,3,3,723781.581106,Spain,944120.8955259387,29158188546.43659,ES423,Cuenca,12.1,11.7,11.7,11.6,11.7,-3.3057851239669422,1714155,0.00131668373046778,0.0031426562942091,0.0013289346646015,0.00062888128553135005,5.3029043464564e-4,0.5130907064997039,0.47996184709084067,0.00694744640945538,22.78,119.09,3,2129.8333333333335,1,18.780174360682786,18.780174360682786,17141.22215477032,0.17501669209538331,0.12425212823816131,2.4595888418037104,200552.29921081272,4276,3.8495961179628337,4.02876234528991,4.082543799284814,15.977141997668673,0,0,0,0.008662766196643886,2.448318027896142e-4,0.1791662273270762
754,3,ES,Bizkaia,3,1,1,353825.89031000005,Spain,485407.3302834847,4171236575.0377297,ES213,Bizkaia,514.6,517,517.6,522,524.4,1.90439176059074,221280,0.01312364425162689,0.02384309472161967,0.03125903832248734,0.00814804772234273,0.00724873463485177,0.21215202458423715,0.7042254157628344,0.08362255965292842,69.17,185.04,13,4497.15,21,14.86959347893635,12.008452267992324,2212.869190577504,5.874725923861465,2.032271052961045,6.262254751889545,1160428.603538843,559,5.740029179068828,11.801367137942641,7.935357109913687,27.7099033646745,0.014311270125223614,0,0.22741015170006948,0.4314938577647949,0.2071748366500721,6.061337958873813
